,Who,min,max
0,Alexander Bluhm,2021-10-05 21:33:40+00:00,2021-10-05 21:33:40+00:00
1,Andrey Ponomarenko,2020-05-11 19:41:42+00:00,2020-05-11 19:41:42+00:00
2,Anna Henningsen,2019-03-01 14:50:58+00:00,2019-03-01 14:50:58+00:00
3,Bernhard M. Wiedemann,2020-08-01 10:47:43+00:00,2020-08-01 10:47:43+00:00
4,Bhargava Shastry,2018-10-26 12:04:02+00:00,2018-11-02 21:41:30+00:00
5,"Blower, Melanie",2018-01-08 18:26:09+00:00,2018-01-10 22:02:57+00:00
6,Brett Okken,2021-01-08 18:21:35+00:00,2024-03-20 13:20:33+00:00
7,Christopher Degawa,2020-02-16 18:38:08+00:00,2020-02-16 23:44:50+00:00
8,Dennis Ens,2022-05-10 21:32:30+00:00,2024-03-05 14:04:43+00:00
9,Denys Vlasenko,2018-06-15 13:40:50+00:00,2018-06-15 13:43:38+00:00
10,Ed Maste,2022-02-11 15:25:58+00:00,2022-02-11 15:25:58+00:00
11,Gary Lucas,2022-07-09 11:31:06+00:00,2022-07-11 12:39:18+00:00
12,Guillem Jover,2021-07-20 00:09:51+00:00,2022-09-29 08:26:59+00:00
13,James Cloos,2018-06-24 23:35:26+00:00,2018-06-24 23:35:26+00:00
14,James Fennell,2021-04-13 02:01:11+00:00,2021-04-13 02:01:11+00:00
15,Jean-Pierre Giraud,2022-01-08 17:15:31+00:00,2022-01-08 17:15:31+00:00
16,Jia Tan,2021-10-29 18:29:18+00:00,2024-03-09 10:49:20+00:00
17,Jigar Kumar,2022-04-27 18:42:57+00:00,2022-06-22 17:05:06+00:00
18,John Paul Adrian Glaubitz,2022-11-22 17:52:04+00:00,2022-11-23 21:17:09+00:00
19,John Reiser,2018-06-15 14:27:27+00:00,2022-07-11 02:07:17+00:00
20,Jules Maselbas,2023-09-07 15:14:16+00:00,2023-09-08 17:56:54+00:00
21,K L,2020-05-23 17:59:31+00:00,2020-05-23 17:59:31+00:00
22,Lasse Collin,2016-12-30 14:08:30+00:00,2024-07-06 12:42:51+00:00
23,Liao Hua,2021-09-02 01:49:04+00:00,2021-09-02 01:49:04+00:00
24,Mario Blättermann,2019-02-17 10:31:23+00:00,2022-02-10 17:15:01+00:00
25,Mario Emmenlauer,2020-02-15 13:53:40+00:00,2020-02-28 15:10:41+00:00
26,Markus Rickert,2020-06-02 15:35:26+00:00,2021-02-14 15:39:34+00:00
27,Olivier B.,2022-08-18 11:56:31+00:00,2022-08-18 14:48:10+00:00
28,Pavel Raiskup,2018-07-25 09:58:25+00:00,2018-11-22 14:23:48+00:00
29,Sam James,2022-09-27 15:45:09+00:00,2022-10-23 13:38:51+00:00
30,Sebastian Andrzej Siewior,2020-04-04 20:03:21+00:00,2024-07-07 21:24:50+00:00
31,Stefan Bodewig,2017-12-30 19:54:41+00:00,2018-01-01 16:03:51+00:00
32,Thorsten Glaser,2018-07-25 14:18:07+00:00,2018-07-25 14:18:07+00:00
33,Vitaly Chikunov,2020-12-23 21:52:10+00:00,2021-04-09 08:54:33+00:00
34,bshastry,2018-10-22 13:57:01+00:00,2018-10-26 12:33:07+00:00
35,jiat0218,2022-04-28 13:36:39+00:00,2022-04-28 13:36:39+00:00
36,Étienne Mollier,2021-01-11 18:44:20+00:00,2021-01-11 18:44:20+00:00
37,ｍｉｕｒａ＠ｌｉｎｕｘ,2020-07-04 06:31:08+00:00,2020-07-13 02:26:08+00:00
